{
	"info": {
		"_postman_id": "435e3b66-96f7-41ee-aa96-dfd995a2c1b2",
		"name": "ECommerce",
		"schema": "https://schema.getpostman.com/json/collection/v2.1.0/collection.json"
	},
	"item": [
		{
			"name": "Products",
			"item": [
				{
					"name": "getAllProduct",
					"request": {
						"method": "GET",
						"header": [],
						"url": {
							"raw": "localhost:5000/api/products",
							"host": [
								"localhost"
							],
							"port": "5000",
							"path": [
								"api",
								"products"
							]
						}
					},
					"response": []
				},
				{
					"name": "getOneProduct",
					"request": {
						"method": "GET",
						"header": [],
						"url": {
							"raw": "localhost:5000/api/products/1",
							"host": [
								"localhost"
							],
							"port": "5000",
							"path": [
								"api",
								"products",
								"1"
							]
						}
					},
					"response": []
				},
				{
					"name": "postCreateProduct",
					"request": {
						"method": "POST",
						"header": [],
						"body": {
							"mode": "raw",
							"raw": "{\r\n    \"name\":\"Paper 200\",\r\n    \"description\" : \"200 sheets of paper\",\r\n    \"price\": 15\r\n}",
							"options": {
								"raw": {
									"language": "json"
								}
							}
						},
						"url": {
							"raw": "localhost:5000/api/products",
							"host": [
								"localhost"
							],
							"port": "5000",
							"path": [
								"api",
								"products"
							]
						}
					},
					"response": []
				},
				{
					"name": "putUpdateProduct",
					"request": {
						"method": "PUT",
						"header": [],
						"body": {
							"mode": "raw",
							"raw": "{\r\n    \"name\":\"Paper 500\",\r\n    \"description\" : \"500 sheets of paper\",\r\n    \"price\": 22.5\r\n}",
							"options": {
								"raw": {
									"language": "json"
								}
							}
						},
						"url": {
							"raw": "localhost:5000/api/products/1",
							"host": [
								"localhost"
							],
							"port": "5000",
							"path": [
								"api",
								"products",
								"1"
							]
						}
					},
					"response": []
				},
				{
					"name": "deleteProduct",
					"request": {
						"method": "DELETE",
						"header": [],
						"url": {
							"raw": "localhost:5000/api/products/5",
							"host": [
								"localhost"
							],
							"port": "5000",
							"path": [
								"api",
								"products",
								"5"
							]
						}
					},
					"response": []
				}
			]
		},
		{
			"name": "Orders",
			"item": [
				{
					"name": "getAllOrders",
					"request": {
						"method": "GET",
						"header": [],
						"url": {
							"raw": "localhost:5000/api/orders",
							"host": [
								"localhost"
							],
							"port": "5000",
							"path": [
								"api",
								"orders"
							]
						}
					},
					"response": []
				},
				{
					"name": "getOneOrder",
					"request": {
						"method": "GET",
						"header": [],
						"url": {
							"raw": "localhost:5000/api/orders/4",
							"host": [
								"localhost"
							],
							"port": "5000",
							"path": [
								"api",
								"orders",
								"4"
							]
						}
					},
					"response": []
				},
				{
					"name": "postCreateOrder",
					"request": {
						"method": "POST",
						"header": [],
						"body": {
							"mode": "raw",
							"raw": "{\r\n    \"productIdList\": [\r\n        1,\r\n        3\r\n    ],\r\n    \"customerName\": \"Musa Kurt\",\r\n    \"customerPhoneNumber\": \"+90 555 888 11 22\",\r\n    \"customerAddress\": \"Kadıköy/İstanbul\"\r\n}",
							"options": {
								"raw": {
									"language": "json"
								}
							}
						},
						"url": {
							"raw": "localhost:5000/api/orders",
							"host": [
								"localhost"
							],
							"port": "5000",
							"path": [
								"api",
								"orders"
							]
						}
					},
					"response": []
				}
			]
		}
	]
}